Reference time scale authority identifier,ISO 3166 Alpha-2 Code,English short name,Abbreviation,Remarks
aa-bipm,aa,International Bureau of Weights and Measures,BIPM,
aa-iers,aa,International Earth Rotation and Reference Systems Service,IERS,
us-afspc,us,United States Air Force Space Command,AFSPC,
us-nist,us,United States National Institute of Standards and Technology,NIST,
us-dhs,us,United States Department of Homeland Security,DHS,
eu-esa,eu,European Space Agency,ESA,
eu-gsa,eu,European Global Navigation Satellite Systems Agency,GSA,
ru-rc,ru,Roscosmos State Corporation for Space Activities,Roscosmos,
cn-cnsa,cn,China National Space Administration,CNSA,
